﻿Horário,Ordem,Conteúdos,Dias,🖥️ Cursos e Projetos
,1,Introdução,,Prepare-se para a jornada (https://www.notion.so/Prepare-se-para-a-jornada-8219c7189f524ebc91f76dffdc8804c4?pvs=21)
,2,Notion,,"Princípios de Desenv Software (https://www.notion.so/Princ-pios-de-Desenv-Software-2c609257759e4f5a9fdae485f547ea2a?pvs=21), Notion (https://www.notion.so/Notion-c258f978478748d9b8de567535fa0065?pvs=21)"
,3,Git e GitHub,segunda à sexta,"Versionamento Git/GitHub (https://www.notion.so/Versionamento-Git-GitHub-23a98540070849d99517c0eb75041e99?pvs=21), Princípios de Desenv Software (https://www.notion.so/Princ-pios-de-Desenv-Software-2c609257759e4f5a9fdae485f547ea2a?pvs=21)"
,4,Flutter,segunda à sexta,Introdução ao Flutter (https://www.notion.so/Introdu-o-ao-Flutter-560e2928fe7341a2a0c4a1d53680c04e?pvs=21)
,5,Dart,segunda à sexta,Intro Programação Dart (https://www.notion.so/Intro-Programa-o-Dart-522ba6d3fc6b471a8105e159c015593a?pvs=21)
,6,SQL Data Base,domingo,Dados SQLite (https://www.notion.so/Dados-SQLite-a4ca1dd905fb43138b4d4b668fdc10e8?pvs=21)
,7,APIs,sábado,Consumindo APIs (https://www.notion.so/Consumindo-APIs-6052d9c06c154b9191ea87b5aa2b2769?pvs=21)
,,Projetos,,Desafio de Codigo (https://www.notion.so/Desafio-de-Codigo-54fcd4f8cb334e5499f26fae53432252?pvs=21)
,,Desafio de Código,,"Desafio de Codigo (https://www.notion.so/Desafio-de-Codigo-54fcd4f8cb334e5499f26fae53432252?pvs=21), Princípios de Desenv Software (https://www.notion.so/Princ-pios-de-Desenv-Software-2c609257759e4f5a9fdae485f547ea2a?pvs=21)"