﻿Status,Conteudo,Data,📒 Conteúdo,Item principal,Subitem,Categoria
In progress,Prepare-se para a jornada,"August 16, 2023 → August 17, 2023",Introdução (https://www.notion.so/Introdu-o-1e467061bcd74e31b9404edf69668cac?pvs=21),,,Curso
In progress,Princípios de Desenv Software,,"Notion (https://www.notion.so/Notion-40e5f6da6e9547c8bdbbed91e25f1969?pvs=21), Git e GitHub (https://www.notion.so/Git-e-GitHub-1b9a0d2a02b64bb095d78f67d5b4bdc3?pvs=21), Desafio de Código (https://www.notion.so/Desafio-de-C-digo-9c707cd319d14b328a37de465343cd07?pvs=21)",,"Notion (https://www.notion.so/Notion-c258f978478748d9b8de567535fa0065?pvs=21), Versionamento Git/GitHub (https://www.notion.so/Versionamento-Git-GitHub-23a98540070849d99517c0eb75041e99?pvs=21), Portifólio (https://www.notion.so/Portif-lio-aee2134c9e854a8cb68ccd8ba9aa5ea6?pvs=21), Desafio de Codigo (https://www.notion.so/Desafio-de-Codigo-54fcd4f8cb334e5499f26fae53432252?pvs=21)",Curso
In progress,Notion,"August 16, 2023 → August 17, 2023",Notion (https://www.notion.so/Notion-40e5f6da6e9547c8bdbbed91e25f1969?pvs=21),Princípios de Desenv Software (https://www.notion.so/Princ-pios-de-Desenv-Software-2c609257759e4f5a9fdae485f547ea2a?pvs=21),,Curso
Not started,Versionamento Git/GitHub,,Git e GitHub (https://www.notion.so/Git-e-GitHub-1b9a0d2a02b64bb095d78f67d5b4bdc3?pvs=21),Princípios de Desenv Software (https://www.notion.so/Princ-pios-de-Desenv-Software-2c609257759e4f5a9fdae485f547ea2a?pvs=21),,Curso
Not started,Portifólio,,,Princípios de Desenv Software (https://www.notion.so/Princ-pios-de-Desenv-Software-2c609257759e4f5a9fdae485f547ea2a?pvs=21),,Projeto
Not started,Desafio de Codigo,,"Desafio de Código (https://www.notion.so/Desafio-de-C-digo-9c707cd319d14b328a37de465343cd07?pvs=21), Projetos (https://www.notion.so/Projetos-0a768034c30a477e8550d33380164ac2?pvs=21)",Princípios de Desenv Software (https://www.notion.so/Princ-pios-de-Desenv-Software-2c609257759e4f5a9fdae485f547ea2a?pvs=21),,Projeto
Not started,Introdução ao Flutter,,Flutter (https://www.notion.so/Flutter-8ab1a8371160421793b94925893f01ca?pvs=21),,,Curso
Not started,Intro Programação Dart,,Dart (https://www.notion.so/Dart-61550ab67dbf430c8125cc0e8c2ae606?pvs=21),,,Curso
Not started,Resolvendo 1s Desafios Codigo,,,,,Curso
Not started,Dados SQLite,,SQL Data Base (https://www.notion.so/SQL-Data-Base-b5f81fa04b4845c48a7eb194aabb454f?pvs=21),,,Curso
Not started,Domínio Bancário,,,,,Curso
Not started,Consumindo APIs,,APIs (https://www.notion.so/APIs-e75c0c8e0bfa4b11836ff67016f8874d?pvs=21),,,Curso